{
    "name": "shuffle",
    "version": "3.0.0",
    "title": "Shuffle.js",
    "description": "Categorize, sort, and filter a responsive grid of items",
    "keywords": ["gallery", "shuffle", "layout", "masonry", "filter", "sort", "responsive", "grid", "mobile", "tiles"],
    "author": {
        "name": "Glen Cheney",
        "email": "cheney.glen@gmail.com"
    },
    "maintainers": [
        {
            "name": "Glen Cheney",
            "email": "cheney.glen@gmail.com"
        }
    ],
    "licenses": [
        {
            "type": "MIT",
            "url": "http://opensource.org/licenses/MIT"
        }
    ],
    "bugs": "https://github.com/Vestride/Shuffle/issues",
    "homepage": "https://github.com/Vestride/Shuffle",
    "docs": "http://vestride.github.io/Shuffle",
    "demo": "http://vestride.github.io/Shuffle",
    "dependencies": {
        "jquery": ">=1.9"
    }
}
